{
    "total": 20, 
    "items": [
        {
            "src": "./images/sample1-1.jpg", 
            "width": 324, 
            "height": 236
        },
        {
            "src": "./images/sample1-2.jpg", 
            "width" : 377,
            "height" : 236
        },
        {
            "src": "./images/sample1-3.jpg", 
            "width" : 355,
            "height" : 236
        },
        {
            "src": "./images/sample1-4.jpg", 
            "width": 315, 
            "height": 236
        },
        {
            "src": "./images/sample1-5.jpg", 
            "width": 378, 
            "height": 236
        },
        {
            "src": "./images/sample1-6.jpg", 
            "width": 332, 
            "height": 236
        },
        {
            "src": "./images/sample1-7.jpg", 
            "width": 355, 
            "height": 236
        },
        {
            "src": "./images/sample1-8.jpg", 
            "width": 354, 
            "height": 236
        },
        {
            "src": "./images/sample1-9.jpg", 
            "width": 378, 
            "height": 236
        },
        {
            "src": "./images/sample1-10.jpg", 
            "width": 295, 
            "height": 236
        },
        {
            "src": "./images/sample1-11.jpg", 
            "width": 315, 
            "height": 236
        },
        {
            "src": "./images/sample1-12.jpg", 
            "width": 350, 
            "height": 236
        },
        {
            "src": "./images/sample1-13.jpg", 
            "width": 180, 
            "height": 236
        },
        {
            "src": "./images/sample1-14.jpg", 
            "width": 166, 
            "height": 236
        },
        {
            "src": "./images/sample1-15.jpg", 
            "width": 350, 
            "height": 236
        },
        {
            "src": "./images/sample1-16.jpg", 
            "width": 206, 
            "height": 236
        },
        {
            "src": "./images/sample1-15.jpg", 
            "width": 350, 
            "height": 236
        },
        {
            "src": "./images/sample1-14.jpg", 
            "width": 166, 
            "height": 236
        },
        {
            "src": "./images/sample1-13.jpg", 
            "width": 180, 
            "height": 236
        },
        {
            "src": "./images/sample1-12.jpg", 
            "width": 350, 
            "height": 236
        }
    ]
}